name,function,outer_function,hash,misses,hits,inner_function,serialize,obj_store,obj_load,deserialize
exoplanet,__main__.get_data,0.469636,0.022306,1,15,0.440343,0.000672,0.000334,0.000834,0.00017999999999999998
exoplanet,__main__.get_map_params,6.160355,0.6795519999999999,1,1,5.479162,0.000732,0.000216,7.9e-05,8.8e-05
exoplanet,__main__.get_model,7.034789,0.032155,2,0,6.941108,0.088953,0.0038789999999999996,0.0,0.0
exoplanet,__main__.parse_data,0.033538,0.010083,16,0,0.01487,0.004409000000000001,0.001702,0.0,0.0
exoplanet,__main__.plot_data,1.241321,0.014928,16,0,1.104913,0.11744399999999999,0.004001,0.0,0.0
exoplanet,__main__.plot_params,0.37869600000000003,0.002757,2,0,0.336098,0.039313,0.001058,0.0,0.0
exoplanet,__main__.plot_sample,0.727521,0.003434,2,0,0.660883,0.062505,0.003915,0.0,0.0
exoplanet,__main__.run_model,56.783927000000006,0.675585,2,0,55.927837999999994,0.177818,0.04704,0.0,0.0
exoplanet,__main__.summarize_model,1.5728179999999998,0.0012000000000000001,2,0,1.346722,0.224327,0.005851,0.0,0.0
