name,commit_no,commit,orig_time,orig_success,memo_time,memo_success,stdout_match,index_read,index_write,functions
exoplanet,0,470b9be8911aa9b344d1e8f0c644d36b57e27c6d,5.731762,False,5.873491,False,True,0.000604,0.0018319999999999999,0
exoplanet,1,c7d992bd58ed9033e2fd2d98ccaea9554b1b299e,5.840564,False,5.446461,False,True,0.0010479999999999999,0.002049,0
exoplanet,2,a86b5c194479d7c6bee2e8122bf48440c4710d77,5.882226,False,5.391061,False,True,0.001064,0.002103,0
exoplanet,3,d30a7b8e1ede786cec3032769632f7321b73bebf,6.416347,False,5.420914,False,True,0.001042,0.002031,0
exoplanet,4,f4ef1a577c2d62c9c72bf06124caf4d3aefaba44,5.86483,False,5.410463,False,True,0.001037,0.002048,0
exoplanet,5,6cf0bcf067d0651fad4043d1307532b954b99d5e,5.721428,False,5.395525,False,True,0.001038,0.002035,0
exoplanet,6,57d5787c70cfcb2c92d0825cb2559476dad1b498,5.781274,False,5.402956,False,True,0.001034,0.0020369999999999997,0
exoplanet,7,10b4ec3a99f07f35ffa9a7abfef083399af2a2d2,42.626809,True,43.207115,True,True,0.00132,0.013579,0
